,blockNumber,timeStamp,hash,nonce,blockHash,transactionIndex,from,to,value,gas,gasPrice,isError,txreceipt_status,input,contractAddress,cumulativeGasUsed,gasUsed,confirmations
0,0,1438269973,GENESIS_ddbd2b932c763ba5b1b7ae3b362eac3e8d40121a,,,0,GENESIS,0xddbd2b932c763ba5b1b7ae3b362eac3e8d40121a,10000000000000000000000,0,0,0,,,,0,0,12466209
1,47884,1438947953,0xad1c27dd8d0329dbc400021d7477b34ac41e84365bd54b45a4019a15deb10c0d,0,0xf2988b9870e092f2898662ccdbc06e0e320a08139e9c6be98d0ce372f8611f22,0,0xddbd2b932c763ba5b1b7ae3b362eac3e8d40121a,0x2910543af39aba0cd09dbb2d50200b3e800a63d2,5000000000000000000,23000,400000000000,0,,0x454e34354139455138,,21612,21612,12418325
2,47894,1438948043,0x7e1503d2001cab2f432b56a62a3ee874782c8e33cbd79a664d155a758c1784a2,1,0x2d0a9228f22fe85596d246040d4fd7dc6b1a55920bae02b68e731d55a890b315,0,0xddbd2b932c763ba5b1b7ae3b362eac3e8d40121a,0x2910543af39aba0cd09dbb2d50200b3e800a63d2,9001000000000000000000,23000,400000000000,0,,0x454e34354139455138,,21612,21612,12418315
3,49099,1438968015,0xfa73feae5798f97ad1f2c01fa70424f90f2f4fa81d6fe9698bc4db2690b635fe,2,0xc7e6738277354d82421c8430929c8566c4cac80ce8b2c15512dd226b1f47f146,0,0xddbd2b932c763ba5b1b7ae3b362eac3e8d40121a,0x2910543af39aba0cd09dbb2d50200b3e800a63d2,5000000000000000000,23000,500000000000,0,,0x454e34354139455138,,21612,21612,12417110
4,49109,1438968167,0xb4b836183334510812525c79ee13722783452716f77b3fd5e4b1ec5a21f7a81e,3,0x7549887277630a31450d802a944e8f28397b1e1f15867b6c75633675323633e4,2,0xddbd2b932c763ba5b1b7ae3b362eac3e8d40121a,0x2910543af39aba0cd09dbb2d50200b3e800a63d2,988950000000000000000,23000,500000000000,0,,0x454e34354139455138,,64836,21612,12417100
5,101773,1439827863,0x70bc1a43c9e80caae6b69fe845ba1567826413a8e42d020837c3b09f9cad11c2,5,0xe802363e95a7e4700058c64f308ff726eba63ec7a40083e65a0c8dd9124578fe,5,0x1a56a50c378d21d0aa544ed9a482300c7f6e78ec,0xddbd2b932c763ba5b1b7ae3b362eac3e8d40121a,84512559000000000000000,21000,100000000000,0,,0x,,126000,21000,12364436
6,269968,1442872420,0xf0ee803e146465fcebfe092041e187920832a474b1c989b36eee7e0dc6b3f09c,4,0x4b55bddbcea00085a00903c0ddb31c2933923054a5f8ff080ec8a8bab2a33e1d,0,0xddbd2b932c763ba5b1b7ae3b362eac3e8d40121a,0xc98756f014149787cee4f74328c4925dc0ce9779,700000000000000000000,21000,300000000000,0,,0x,,21000,21000,12196241
7,288379,1443187492,0xda7d393b4995cec859e1fbcdb39dfc756e08b7efb17a658988bc6688fbccbc51,5,0x65aaef94de624a53bc14c87d9a8aa668e50413ccfa2b3c9049befbba2084121b,0,0xddbd2b932c763ba5b1b7ae3b362eac3e8d40121a,0x4b321f615455ca04969c5057f459a4dad42781ab,5001000000000000000000,21000,300000000000,0,,0x,,21000,21000,12177830
8,301131,1443411359,0x66c11e721b0651c51524f63c085b342efa4a588b4a020530b44e2040242b95bd,6,0x0fa3050e11114f71e88182877adf98c1c32ef714ff4dee2bd9c520d09fc5b65a,0,0xddbd2b932c763ba5b1b7ae3b362eac3e8d40121a,0x4c3e0e3c46a5b7222060b774206c92f9cd60d338,7000000000000000000000,21000,300000000000,0,,0x,,21000,21000,12165078
9,305627,1443493144,0xfba2e114f7c0d2b365c8af80e5206c6554e4a48e2001f61eaa4bf34ee79d9c30,7,0xbbd6eea24bb6fd1fe7359a937c216665e396c5c80acadf833d50e0f622d0272e,0,0xddbd2b932c763ba5b1b7ae3b362eac3e8d40121a,0x7e2592a940d9e751a98dd2dcc80d65935ec5b6c7,5000000000000000000000,21000,300000000000,0,,0x,,21000,21000,12160582
10,350303,1444272673,0x2946992f65ed7778c9e40a95dd52a4fd8d15ccae73eef8739219cc122bf8f9ad,8,0x26e0b9754c684804b829c256a13f6f09da22c119e3387cc90c3be2ad678c55b3,0,0xddbd2b932c763ba5b1b7ae3b362eac3e8d40121a,0x8c12c0f24f0056f7c4abcca683824f6936f5e117,1000681000000000000000,100000,50000000000,0,,0x,,21000,21000,12115906
11,350319,1444272955,0x2a7c8d15c8be86cf84dc6751775095b51427b33c9e73c6636cd29e48cebe64c1,9,0x025fd1b5b5e5257f755e9e5d4d02dbf01f1c7a01c3cf7d147461acd4cc47bdfa,2,0xddbd2b932c763ba5b1b7ae3b362eac3e8d40121a,0x8c12c0f24f0056f7c4abcca683824f6936f5e117,4000681000000000000000,100000,50000000000,0,,0x,,63000,21000,12115890
12,379677,1444775223,0xfc9ef543f63a2f39ebedb9cc8e88de166688d57f907c30bbd67053370578f585,10,0xe86fad109e59476e84abc78ea65c3b320cfc0511c3435f2cc7a739b63a26cd44,0,0xddbd2b932c763ba5b1b7ae3b362eac3e8d40121a,0x74723606be0bbdc49939362a182a2ef4980ebb4e,1000000000000000000000,100000,50000000000,0,,0x,,21000,21000,12086532
13,379677,1444775223,0xcd055d425f11db9b8dc81e3081a7369a9ad188da5f109457121f72ae223f319c,11,0xe86fad109e59476e84abc78ea65c3b320cfc0511c3435f2cc7a739b63a26cd44,1,0xddbd2b932c763ba5b1b7ae3b362eac3e8d40121a,0x74723606be0bbdc49939362a182a2ef4980ebb4e,4000000000000000000000,100000,50000000000,0,,0x,,42000,21000,12086532
14,379688,1444775432,0x7ba14a09d3336a61598a04e97f6147367d437b72930c0a2172685a69d47def9c,12,0xafb42ccb23b8db61e49bc3f2173951480519d288324d4921ff6399fa4137cf95,1,0xddbd2b932c763ba5b1b7ae3b362eac3e8d40121a,0x6a0ba7c063f30e200a3c9be07577b4409f29176e,4000000000000000000000,100000,50000000000,0,,0x,,259893,21000,12086521
15,413150,1445358494,0x744ed86836ed5afcfcacfc79c62a5983a2187ac5f12b3d5b0549b530b145897d,13,0x05fa8c4ddbb92f0478e3b6cd25356685e8891b852db5233b337d72a317148633,0,0xddbd2b932c763ba5b1b7ae3b362eac3e8d40121a,0x74723606be0bbdc49939362a182a2ef4980ebb4e,5001000000000000000000,90000,50000000000,0,,0x,,21000,21000,12053059
16,413522,1445365543,0xf40c824e836da609b76797f771fe701a3e167760abd67b0981bf57f9685bd1cf,14,0x5342d409fa1eb48c14fd55df029514b475fa942f97525b94a2df3a5aa52640ae,0,0xddbd2b932c763ba5b1b7ae3b362eac3e8d40121a,0x74723606be0bbdc49939362a182a2ef4980ebb4e,3001000000000000000000,90000,50000000000,0,,0x,,21000,21000,12052687
17,420161,1445481075,0x77ca9545f31a2f0840ae77c7aea95fd91492ce4e985e0f1dd60227e12022b75f,15,0x5d985d0d50d5db2729a38676d6a70bb8eb75da75680cc2ed941b96d024b4ce26,3,0xddbd2b932c763ba5b1b7ae3b362eac3e8d40121a,0x74723606be0bbdc49939362a182a2ef4980ebb4e,4001000000000000000000,90000,50000000000,0,,0x,,84000,21000,12046048
18,915000,1453943772,0x56296edd06080458694922d8d78ef4a639dc720827ce6fb1641e3cf45fa4231a,1110,0x9f53954719ed9cf4ab3da18f42188e36cc17861dbcf3a37fd796d2d555aff000,0,0x1c10a5aabc2555ee3027d5758c4b7b462605f972,0xddbd2b932c763ba5b1b7ae3b362eac3e8d40121a,2730000000000,21000,50000000000,0,,0x,,21000,21000,11551209
19,1959327,1469590394,0x44e982bc17faea0e228deb2160c1f852c1cbb99a351e45d8f1d11b79a2a37420,16,0xd8bc9a00279dab70de3a617944a400021f30d577fcd826f0aca42bc0e1730924,5,0xddbd2b932c763ba5b1b7ae3b362eac3e8d40121a,,0,229069,20000000000,0,,0x60606040527f37b0574a00000000000000000000000000000000000000000000000000000000606090815273882fb4240f9a11e197923d0507de9a983ed69239906337b0574a906064906020906004816000876161da5a03f1156002575050604051516000805460ff191690911761010060a860020a031916610100330217815560b59150819061008f90396000f360606040523615601d5760e060020a6000350463c96cd46f8114604f575b608160005460ff161515608357600160a060020a033316600034606082818181858883f19350505050151560b3576002565b60816000546101009004600160a060020a039081163391909116141560b3576000546101009004600160a060020a0316ff5b005b732fb0ebf2936a4027c68b79770f60f497db439ce3600034606082818181858883f19350505050151560b3576002565b56,0x1bb0ac60363e320bc45fdb15aed226fb59c88e44,245719,129069,10506882
20,1959340,1469590563,0x188089c5b945da5eca459fa2edf8df16b983d8b172b72a720632d0f97db85a90,17,0xcc3ae1ed2c9052d0cadab75222c2cca8410c101d9282fd8cf907b159ba9a71a1,11,0xddbd2b932c763ba5b1b7ae3b362eac3e8d40121a,0x1bb0ac60363e320bc45fdb15aed226fb59c88e44,7000000000000000000,127964,20000000000,0,,0x,,348394,27964,10506869
21,1959349,1469590725,0x85afcc26847057a86841a8568e881ad1c22e4e9155a347a65af44017ef2763b1,18,0xc6fa998c0f584a4780ad6d06eb342dd9bdd9d34555c764e1cbedc6d87e64c34a,6,0xddbd2b932c763ba5b1b7ae3b362eac3e8d40121a,0x1bb0ac60363e320bc45fdb15aed226fb59c88e44,5000000000000000000000,127964,20000000000,0,,0x,,328134,27964,10506860
22,1959393,1469591193,0x81b904768ecbba7a8ddd69bec5c8bb63e5b28bb973caae4010e4e56c55fc0462,19,0x03dd2d32f8ea317eab05180152b6e959751a32f3de202b3d7caf3b748273e40a,3,0xddbd2b932c763ba5b1b7ae3b362eac3e8d40121a,0x1bb0ac60363e320bc45fdb15aed226fb59c88e44,10000000000000000000000,127964,20000000000,0,,0x,,115700,27964,10506816
23,1959740,1469595817,0x5639c2f847fbecf5531355ec8bc903896daf53fd7d1151a3c3fa24ea1ae7956c,20,0xa9d2868228d7f078285d3bab8695c14ccee741937dc12250ed64bbd8a9c66fdb,1,0xddbd2b932c763ba5b1b7ae3b362eac3e8d40121a,0x1bb0ac60363e320bc45fdb15aed226fb59c88e44,5000000000000000000000,127964,20000000000,0,,0x,,48964,27964,10506469
24,1961849,1469624584,0x7c3386ae49958663954755c02d16a7ef9c493a84d6328f49ee386d07be6369db,21,0xb1e6f0b4382a0a7e04014b2e66262a8daadb83dcd9bb698eda8ed0ff8650c89c,5,0xddbd2b932c763ba5b1b7ae3b362eac3e8d40121a,0x1bb0ac60363e320bc45fdb15aed226fb59c88e44,10000000000000000000000,127964,20000000000,0,,0x,,262603,27964,10504360
25,1961866,1469624867,0x545243f19ede50b8115e6165ffe509fde4bb1abc20f287cd8c49c97f39836efe,22,0x9ba94fe0b81b32593fd547c39ccbbc2fc14b1bdde4ccc6dccb79e2a304280d50,5,0xddbd2b932c763ba5b1b7ae3b362eac3e8d40121a,0x1bb0ac60363e320bc45fdb15aed226fb59c88e44,10600000000000000000000,127964,20000000000,0,,0x,,227901,27964,10504343
26,5773191,1528765233,0x3fd72669d115e8ed1da3cf9c02ee0b05d138203c646a8ea7808a308bbab89ea5,53,0xb1ba670fd43bfa2f20aedc22db5cb0d3f20b8b69b74dd9c88eca736304de8991,29,0x770f7a8e74fa129149d0cec3f3669443ee465d2e,0xddbd2b932c763ba5b1b7ae3b362eac3e8d40121a,1000000000000,21000,10000000000,0,1,0x,,1986533,21000,6693018
27,5854973,1529978671,0x8117ca5f01b0270d964e84e9dbac4047c15899d3724b926759b16dc4bf4039c3,4,0xb4b84789497c5adfce1d09192d8c8bc37e52dcb021fb36d58a27119c0759446d,8,0x1ce264616911bfd991042ee1dfd3e6df30b3d948,0xddbd2b932c763ba5b1b7ae3b362eac3e8d40121a,0,21000,3000000000,0,1,0x,,462566,21000,6611236
28,5854994,1529978973,0x1b5dade100a89bf52b027c27a17d07164a466fd7bc72475682b14da8d4602828,5,0x6ab38e5a4f0749c2881e84f6e64e70a56507fe75b07e621a9239e99dc202d196,38,0x1ce264616911bfd991042ee1dfd3e6df30b3d948,0xddbd2b932c763ba5b1b7ae3b362eac3e8d40121a,1000000000000,21000,1562000000,0,1,0x,,3109356,21000,6611215
29,6451971,1538658458,0xce1970a7624dcfbbde1f5b2a06a89b53d0a0b65156cbebe07cce6fe1177a659f,3,0xf3b3321cdace26923fd00d573ab481b1da0bc66a90bacddfd434248b54e4d47b,16,0x75fe0f54c65ca39c23d82eb1bada90e4af99a39e,0xddbd2b932c763ba5b1b7ae3b362eac3e8d40121a,10000000000000000,21000,41000000000,0,1,0x,,502068,21000,6014238
30,7673133,1556685984,0x53cf310134d61ea62d6d7f9a611c61aad425ec075f638c8b9e7494dd367de9d6,0,0x15750d863aa52de6e053c44b4559390564d1bc9b266fdc6172272c4c749f410c,71,0xc70ac00ce7fab864ed83ec3ce432b9b25a8d5d54,0xddbd2b932c763ba5b1b7ae3b362eac3e8d40121a,4990000000000000000,100000,10000000000,0,1,0x,,2531304,21000,4793076
31,7673133,1556685984,0xa3a0f9772dfa4ff272333ee8e5b3718693754edaaa15d64a37e48b3c873d4894,0,0x15750d863aa52de6e053c44b4559390564d1bc9b266fdc6172272c4c749f410c,76,0xd47aeb1b1a78131f4c120999e057af6515bc8c05,0xddbd2b932c763ba5b1b7ae3b362eac3e8d40121a,26600000000000000000,100000,10000000000,0,1,0x,,3017637,21000,4793076
32,7673135,1556686002,0x4a51db9873927e9387993eed410b35c50948ee334e6d0281b2ff75449bee8c6b,0,0xba50ca7341a5eb53d6eb6fb40988ef960a6991e49a58da9ee650ba6ecbf00dd4,33,0xc374d3dcd13e8cc8d92f1b86f4aeeaa051a218ab,0xddbd2b932c763ba5b1b7ae3b362eac3e8d40121a,28900000000000000000,100000,10000000000,0,1,0x,,1659736,21000,4793074
33,7673138,1556686044,0x878ddbccee21fd0fc582bb3d85fd799e46dfe8a3836144a874a513c2fac95bc8,0,0xf8b2cbaf40254300ada40b7e94e88a24637a9c03a1bfff95679972e878d04125,14,0x29478c67ad2864421cb6f69b90e84028b1045e05,0xddbd2b932c763ba5b1b7ae3b362eac3e8d40121a,840000000000000000,100000,10000000000,0,1,0x,,575408,21000,4793071
34,7673138,1556686044,0x3d9e8c170dd7559a315107d6a9c48a4bab841cdb0272a50fb66344ae56362b2e,0,0xf8b2cbaf40254300ada40b7e94e88a24637a9c03a1bfff95679972e878d04125,15,0x31b96b4b7f1ab6b7787e3cfaa8778c4ce5e37b5d,0xddbd2b932c763ba5b1b7ae3b362eac3e8d40121a,999000000000000000,100000,10000000000,0,1,0x,,596408,21000,4793071
35,7673143,1556686068,0xa79529eadc2720336f124abe0e94493e04c3203a916fc2de08ba1855966b4a5d,0,0x96efdbea6b2c0d4d8856176fe994636b9cf307b6b494fcdd2fee6f3f46ac1800,121,0x4e35edf880a40a424b6deb1ae9b247b0ac4086d7,0xddbd2b932c763ba5b1b7ae3b362eac3e8d40121a,999000000000000000,100000,10000000000,0,1,0x,,7849968,21000,4793066
36,7673146,1556686165,0x0b494d733445d15c6ee457734d663a69290a587e32e967a15d7a44d36090c64a,0,0x416d3a3843b2893e1df07e7a57ccd1b7bff5ce506e9f91902c75ddec4c7510dd,63,0x2ea73152624fdd3d6c253574eb21c90d93bcfb84,0xddbd2b932c763ba5b1b7ae3b362eac3e8d40121a,1075000000000000000,100000,10000000000,0,1,0x,,2477943,21000,4793063
37,7673180,1556686477,0x760635955bd731df1d87cf8be8aa479a54ac0cf5de8edf9bcda69675b7ccdee5,9,0xf9843579c7a556530c3021448f34f675b1aba8bc2e5cb3fb75825a6309ee3d17,115,0xc531e60a04eef96c00b2ee529332e555f9c1fb7e,0xddbd2b932c763ba5b1b7ae3b362eac3e8d40121a,400000000000000000,100000,10000000000,0,1,0x,,5876892,21000,4793029
38,7673819,1556695071,0x7d49cc787ee5826cd7231639874674b6e23241e6bde346a0fff070853e009611,11,0x33801731a9760cfccde71a6ee0eb227220c1d86be7dfbde6eda0d67145ec4514,8,0x957211ca8d57bb49604bca895b396faf743120fd,0xddbd2b932c763ba5b1b7ae3b362eac3e8d40121a,19000000000000000000,100000,10000000000,0,1,0x,,259821,21000,4792390
39,7720873,1557329807,0xf2f5784e3df19a40731a89968d40f94d3b5fc2de95170f9ae7d9a673fd8717bb,0,0xa42bf5bc0396c6564bddc0d7eac3c9ff3bb74cd35321ce9ab3e75d2ce75d16ed,27,0x142379a22bc11a56a179d9d4644495f301a316c7,0xddbd2b932c763ba5b1b7ae3b362eac3e8d40121a,649000000000000000,100000,10000000000,0,1,0x,,1852699,21000,4745336
40,8202023,1563819581,0x5afb8990f9ba7ecb7cb9ccc7c5522177f6d5e321ca18f070378ba416a71d8284,62,0x6cd95e6b24fa9c5d8e33839890f379d8b91cad490b2639570f16fa06f58eaa3e,60,0x19c16bfadf1e2412ec98afa694ee71a0ddcd309c,0xddbd2b932c763ba5b1b7ae3b362eac3e8d40121a,1000000000000000,21000,4800000000,0,1,0x,,3894335,21000,4264186
41,11616713,1610143998,0xbd633ba440d70d9132f17c9e34a64f9c0cb1fea014d927ae2fdcb2199de01c70,23,0x5c5b750db80cf35e8fdc063503c4856824da5be440314ce9c98332f8edde33b7,236,0xddbd2b932c763ba5b1b7ae3b362eac3e8d40121a,0xd26114cd6ee289accf82350c8d8487fedb8a0c07,0,52346,90000000000,0,1,0xa9059cbb000000000000000000000000c88fe66bcc71cf840c6a9aae4892c07a38b9e6260000000000000000000000000000000000000000000000a69671228c57640000,,10008235,52346,849496
